DavidBouchardGagnon,dbg
daliwill-210123-,dw
GabrielleKelly-v01-210624,gk-v01
GuillaumeIsabelle,jgi
Inktobers-v01-210611,inko-v01
dbginko-v03-210809,inko-v03
wassily_kandinsky_v1_210310,kandinksy-v01
young-picasso-201210,pikawill-v01
young-picasso-v02b-201210,pikawill-v02b
gia-young-picasso-v03-201216,pikawill-v03
gia-young-picasso-v04-2012211928,pikawill-v04
gia-young-picasso-v05-2101082232,pikawill-v05
giapicallo_v03__201216-201218,picallo-v03
giapicallo_v04__201221,picallo-v04
fpolsonwill_v02_210424,polwill-v02